[
  {
    "id": 1,
    "title": "Calico Cat",
    "thumb": "cat1.jpg",
    "price": 19.95,
    "tags": [ "cat", "orange" ]
  },
  {
    "id": 2,
    "title": "Cat Close Up",
    "thumb": "cat2.jpg",
    "price": 23.95,
    "tags": [ "cat", "face" ]
  },
  {
    "id": 3,
    "title": "Grey Kitten",
    "thumb": "cat3.jpg",
    "price": 17.95,
    "tags": [ "cat", "kitten" ]
  },
  {
    "id": 4,
    "title": "Cat Outdoors",
    "thumb": "cat4.jpg",
    "price": 17.95,
    "tags": [ "cat", "outdoors" ]
  },
  {
    "id": 5,
    "title": "Sneaky Cat",
    "thumb": "cat5.jpg",
    "price": 19.95,
    "tags": [ "cat", "outdoors" ]
  },
  {
    "id": 6,
    "title": "Fluffy Cat",
    "thumb": "cat6.jpg",
    "price": 23.95,
    "tags": [ "cat", "fluffy" ]
  },
  {
    "id": 7,
    "title": "Blue-Eyed Cat",
    "thumb": "cat7.jpg",
    "price": 19.95,
    "tags": [ "cat", "blue" ]
  },
  {
    "id": 8,
    "title": "White Cat",
    "thumb": "cat8.jpg",
    "price": 23.95,
    "tags": [ "cat", "white" ]
  },
  {
    "id": 9,
    "title": "Orange Cat",
    "thumb": "cat9.jpg",
    "price": 19.95,
    "tags": [ "cat", "orange" ]
  },
  {
    "id": 10,
    "title": "Cat Pile",
    "thumb": "cat10.jpg",
    "price": 27.95,
    "tags": [ "cat", "pile", "funny" ]
  },
  {
    "id": 11,
    "title": "Black Cat",
    "thumb": "cat11.jpg",
    "price": 27.95,
    "tags": [ "cat", "black" ]
  },
  {
    "id": 12,
    "title": "Rottweiler",
    "thumb": "dog1.jpg",
    "price": 18.95,
    "tags": [ "dog", "black" ]
  },
  {
    "id": 13,
    "title": "Grey dog",
    "thumb": "dog2.jpg",
    "price": 23.95,
    "tags": [ "dog", "grey" ]
  },
  {
    "id": 14,
    "title": "Dog on grass",
    "thumb": "dog3.jpg",
    "price": 23.95,
    "tags": [ "dog", "grass" ]
  },
  {
    "id": 15,
    "title": "Sad puppy",
    "thumb": "dog4.jpg",
    "price": 23.95,
    "tags": [ "dog", "puppy" ]
  },
  {
    "id": 16,
    "title": "Boxer",
    "thumb": "dog5.jpg",
    "price": 22.95,
    "tags": [ "dog", "boxer" ]
  },
  {
    "id": 17,
    "title": "Looking sideways",
    "thumb": "dog6.jpg",
    "price": 19.95,
    "tags": [ "dog"  ]
  },
  {
    "id": 18,
    "title": "German shepard",
    "thumb": "dog7.jpg",
    "price": 19.95,
    "tags": [ "dog" ]
  },
  {
    "id": 19,
    "title": "Sleepy dog",
    "thumb": "dog8.jpg",
    "price": 18.95,
    "tags": [ "dog", "black" ]
  },
  {
    "id": 20,
    "title": "Happy dog",
    "thumb": "dog9.jpg",
    "price": 23.95,
    "tags": [ "dog", "happy" ]
  },
  {
    "id": 21,
    "title": "Pink Lily",
    "thumb": "flower1.jpg",
    "price": 23.95,
    "tags": [ "flower", "lily", "pink" ]
  },
  {
    "id": 22,
    "title": "Orchid",
    "thumb": "flower2.jpg",
    "price": 24.95,
    "tags": [ "flower", "orchid" ]
  },
  {
    "id": 23,
    "title": "Dandelion",
    "thumb": "flower3.jpg",
    "price": 15.95,
    "tags": [ "flower", "dandeloin" ]
  },
  {
    "id": 24,
    "title": "Orange flower",
    "thumb": "flower4.jpg",
    "price": 24.95,
    "tags": [ "flower", "orange" ]
  },
  {
    "id": 25,
    "title": "Water lily",
    "thumb": "flower5.jpg",
    "price": 17.95,
    "tags": [ "flower", "lily" ]
  },
  {
    "id": 25,
    "title": "Red tulip",
    "thumb": "flower6.jpg",
    "price": 18.95,
    "tags": [ "flower", "tulip", "red" ]
  },
  {
    "id": 26,
    "title": "Red poppy",
    "thumb": "flower7.jpg",
    "price": 22.95,
    "tags": [ "flower", "poppy", "red" ]
  }
]
